
{
  "name": "ISOLA",
  "vendorId": "0x534f",
  "productId": "0x4c41",
  "lighting": "none",
  "matrix": {
    "rows": 4,
    "cols": 11
  },
  "layouts": {
    "labels": [["Space","7u","3u"]],
    "keymap": [[{"rowIndex":0,"x":0,"y":0,"r":0,"rx":0,"ry":0,"w":1,"h":1,"x2":0,"y2":0,"w2":0,"h2":0,"a":7},"0,0","0,1","0,2","0,3","0,4","0,5","0,6","0,7","0,8",{"w":1.75},"0,9"],[{"rowIndex":1},"1,0","1,1","1,2","1,3","1,4","1,5","1,6","1,7",{"w":1.25},"1,8",{"w":1.25,"h":2,"x2":-0.25,"w2":1.5,"h2":1,"x":0.25},"1,9"],[{"rowIndex":2,"x":0.5},"2,0","2,1","2,2","2,3","2,4","2,5","2,6","2,7","2,8"],[{"rowIndex":3,"y":0.25,"x":0.75},"3,0\n\n\n0,0",{"w":7},"3,4\n\n\n0,0","3,8\n\n\n0,0"],[{"rowIndex":4,"w":1.5,"x":0.75},"3,0\n\n\n0,1",{"w":3},"3,2\n\n\n0,1",{"w":3},"3,6\n\n\n0,1",{"w":1.5},"3,8\n\n\n0,1"]]
  }
}
