[
  {
    "name": "Isola",
    "author": "OTTIMO",
    "switchMount": "cherry",
    "pcb": true
  },
  [
    {
      "a": 7
    },
    "Q",
    "W",
    "E",
    "R",
    "T",
    "Y",
    "U",
    "I",
    "O",
    {
      "w": 1.75
    },
    "P"
  ],
  [
    "A",
    "S",
    "D",
    "F",
    "G",
    "H",
    "J",
    "K",
    {
      "w": 1.25
    },
    "L",
    {
      "x": 0.25,
      "w": 1.25,
      "h": 2,
      "w2": 1.5,
      "h2": 1,
      "x2": -0.25
    },
    ""
  ],
  [
    {
      "x": 0.5
    },
    "Z",
    "X",
    "C",
    "V",
    "B",
    "N",
    "M",
    {
      "a": 5
    },
    "\n,\n\n\n\n\n<",
    "\n.\n\n\n\n\n>"
  ],
  [
    {
      "y": 0.25,
      "x": 0.75,
      "a": 7
    },
    "",
    {
      "w": 7
    },
    "",
    ""
  ]
]